car_id,car_type
川JG6128,蓝色
川JG612B,蓝色
DJG6128,蓝色
川LJG6128,蓝色
豫JG6128,蓝色
川1G6128,蓝色
豫1G6128,蓝色
川J1726W,蓝色
青JG6128,蓝色
16G61289,黑色
D1661V8,蓝色
贵166128,蓝色
贵1661V8,蓝色
D106128,蓝色
D1G4128,蓝色
川106128,蓝色
赣106128,蓝色
豫B1U6128,蓝色
41G6128,蓝色
使1G6128,蓝色
豫JG6181,蓝色
桂1G61Z0,蓝色
使1G612Z8,蓝色
皖J1726W,蓝色
使EJGH74,蓝色
闽J1726W,蓝色
使B1V1Z6,蓝色
川J1726M,蓝色
川D1726M,蓝色
川U1726W,蓝色
川D1726K,蓝色
川D1726W,蓝色
苏J1726M,蓝色
川JU726W,蓝色
宁J1726W,蓝色
川J1726K,蓝色
川U1726K,蓝色
川11726K,蓝色
浙J1726K,蓝色
湘J1726K,蓝色
粤11726K,蓝色
豫11726W,蓝色
粤11726W,蓝色
川11126W,蓝色
川J1T26W,蓝色
川J1126W,蓝色
皖A11T26W,蓝色
粤DELJ13,蓝色
豫1E1113,蓝色
津DE1113,蓝色
吉JE1117,蓝色
川JE1113,蓝色
豫JE1113,蓝色
川JEUU13,绿色
苏JE1117,蓝色
苏DE1113,蓝色
川JEJUU3,蓝色
苏UE1U113,绿色
苏0E1113,蓝色
吉DEU113,蓝色
吉JE1113,蓝色
浙JE1U13,蓝色
甘JF1H113,蓝色
吉TE1113,蓝色
苏156A98,蓝色
川J56A91,蓝色
湘H56A98,蓝色
闽J56A98,蓝色
川T56A98,蓝色
川J56A98,蓝色
川J56A9B,蓝色
豫456A98,蓝色
川Z56A98,蓝色
川356A98,蓝色
川456A98,蓝色
川B56A98,蓝色
川J7B171,蓝色
粤B56A98,蓝色
陕BE6A98,蓝色
湘B56A98,蓝色
浙B56A9B,蓝色
川U7B171,蓝色
豫17B1T1,蓝色
川JX23AD1,蓝色
川J9959J,蓝色
川J99S9J,蓝色
川B0GPD1,蓝色
赣B0GP01,蓝色
川B0GP01,蓝色
甘U9959J,蓝色
吉B0GP01,蓝色
甘09959J,蓝色
粤B0GP01,蓝色
川19959J,蓝色
辽B0GP01,蓝色
鲁B0GP015,蓝色
M19959J,蓝色
川U19959J,蓝色
京B0GP01,蓝色
粤881ASB6,绿色
川J23A02,蓝色
川U23A02,蓝色
川MJ23A02,蓝色
川D23A02,蓝色
川AJ23A02,蓝色
浙MJ23A02,蓝色
川J23A025,蓝色
川J24A53,蓝色
川T24A53,蓝色
川JZ4A53,蓝色
粤0J24A53,蓝色
川H24A53,蓝色
粤12A531,蓝色
豫A4EW4M,蓝色
赣A4CX45,蓝色
川A4EY45,蓝色
川A4EW48,蓝色
豫A4EWA8,蓝色
豫新A4EWA,蓝色
青A4ELA8,蓝色
川A4EWA8,蓝色
豫BA4EWA,蓝色
沪A4EWA8,蓝色
沪A4ENA8,蓝色
沪A4EW48,蓝色
豫A4EW48,蓝色
川J66A16,蓝色
川U66A16,蓝色
川J166A16,蓝色
湘J66A16,蓝色
苏J66A16,蓝色
粤J66A16,蓝色
苏166A16,蓝色
川J10A35,蓝色
川J1DA35,蓝色
川JG6128,蓝色
川JG6128,蓝色
川JG6128,蓝色
川JG6128,蓝色
川JG6128,蓝色
川JG6128,蓝色
川JG6128,蓝色
川JG6128,蓝色
川JG612B,蓝色
川JG6128,蓝色
川JG6128,蓝色
川JG6128,蓝色
川JG6128,蓝色
川JG6128,蓝色
川JG6128,蓝色
川JG612B,蓝色
川JG6128,蓝色
川JG6128,蓝色
川JG6128,蓝色
川JG612B,蓝色
川JG6128,蓝色
川JG6128,蓝色
川JG6128,蓝色
川JG6128,蓝色
川JG6128,蓝色
川JG6128,蓝色
川JG6128,蓝色
川JG6128,蓝色
JG6128,蓝色
川JG6128,蓝色
DJG6128,蓝色
川JG6128,蓝色
川LJG6128,蓝色
川JG6128,蓝色
川JG6128,蓝色
川JG6128,蓝色
豫JG6128,蓝色
川JG6128,蓝色
JG6128,蓝色
川JG6128,蓝色
JG6128,蓝色
川1G6128,蓝色
川JG6128,蓝色
川1G6128,蓝色
豫1G6128,蓝色
川J1726W,蓝色
川J1726W,蓝色
豫1G6128,蓝色
川J1726W,蓝色
川1G6128,蓝色
川J1726W,蓝色
DG6128,蓝色
川J1726W,蓝色
青JG6128,蓝色
川J1726W,蓝色
川1G6128,蓝色
川J1726W,蓝色
川J1726W,蓝色
JG61Z8,蓝色
川J1726W,蓝色
BJG618,蓝色
川J1726W,蓝色
1G6128,蓝色
川J1726W,蓝色
川J1726W,蓝色
16G61289,黑色
川J1726W,蓝色
1661Z8,蓝色
川J1726W,蓝色
D1661V8,蓝色
川J1726W,蓝色
贵166128,蓝色
川J1726W,蓝色
贵1661V8,蓝色
川J1726W,蓝色
D10618,蓝色
川J1726W,蓝色
D106128,蓝色
川J1726W,蓝色
川J1726W,蓝色
川J1726W,蓝色
D1G4128,蓝色
川J1726W,蓝色
川106128,蓝色
川J1726W,蓝色
川106128,蓝色
川J1726W,蓝色
赣106128,蓝色
川J1726W,蓝色
1518,蓝色
川J1726W,蓝色
豫1Q618,蓝色
川J1726W,蓝色
豫B1U6128,蓝色
川J1726W,蓝色
1U61K8,蓝色
川J1726W,蓝色
41G6128,蓝色
川J1726W,蓝色
豫18128,蓝色
川J1726W,蓝色
使1G6128,蓝色
川J1726W,蓝色
桂UD61Z,蓝色
川J1726W,蓝色
川J1726W,蓝色
豫JG6181,蓝色
川J1726W,蓝色
桂1G61Z0,蓝色
川J1726W,蓝色
川J1726W,蓝色
川J1726W,蓝色
川J1726W,蓝色
使1G612Z8,蓝色
川J1726W,蓝色
11L4,蓝色
川J1726W,蓝色
川J1726W,蓝色
川J1726W,蓝色
L118,蓝色
川J1726W,蓝色
川J1726W,蓝色
川J1726W,蓝色
13128,蓝色
皖J1726W,蓝色
使EJGH74,蓝色
川J1726W,蓝色
使JQ1N,白色
川J1J1726W,蓝色
使JG1Z,蓝色
闽J1726W,蓝色
使JGQB4,蓝色
川J1726W,蓝色
豫16E24,蓝色
川J1726W,蓝色
川J1726W,蓝色
川J1726W,蓝色
使B1V1Z6,蓝色
川J1726W,蓝色
使10174,白色
川J1726W,蓝色
川J1726W,蓝色
川J1726W,蓝色
豫Q612F,蓝色
川J1726M,蓝色
川D1726M,蓝色
川U1726W,蓝色
川D1726K,蓝色
川D1726W,蓝色
川D1726W,蓝色
苏J1726M,蓝色
川D1726M,蓝色
川JU726W,蓝色
川J1726W,蓝色
川JU726W,蓝色
J6H12港,蓝色
川J1726W,蓝色
宁J1726W,蓝色
川J1726K,蓝色
川U1726K,蓝色
川11726K,蓝色
浙J1726K,蓝色
川J1726K,蓝色
川1726W,蓝色
湘J1726K,蓝色
粤11726K,蓝色
豫11726W,蓝色
粤11726W,蓝色
川11126W,蓝色
川126W,蓝色
川J126W,蓝色
川J1T26W,蓝色
川J1126W,蓝色
川J1126W,蓝色
川J1126W,蓝色
皖A11T26W,蓝色
0贵,黑色
川JD,绿色
湘1E1JT,蓝色
粤DELJ13,蓝色
粤000,绿色
豫1E1113,蓝色
川JE111,黑色
津DE1113,蓝色
吉JE1117,蓝色
川JE1113,蓝色
川JE113,蓝色
川JE1113,蓝色
豫JE1113,蓝色
川JEUU13,绿色
豫E11,蓝色
苏JE1117,蓝色
川JE1113,蓝色
苏DE1113,蓝色
川JEJUU3,蓝色
苏UE1U113,绿色
豫JEU13,蓝色
苏0E1113,蓝色
吉DEU113,蓝色
吉JE1113,蓝色
浙JE1U13,蓝色
甘JF1H113,蓝色
吉TE1113,蓝色
TTA113,蓝色
苏156A98,蓝色
宁G5A98,蓝色
川J56A91,蓝色
56A98B,蓝色
湘H56A98,蓝色
156A98,蓝色
闽J56A98,蓝色
川T56A98,蓝色
川J56A98,蓝色
川J56A9B,蓝色
闽J56A98,蓝色
川J56A98,蓝色
川J56A98,蓝色
川J56A9B,蓝色
川J56A98,蓝色
56A98,蓝色
豫56A98,蓝色
川J56A98,蓝色
豫456A98,蓝色
W56A98,蓝色
川Z56A98,蓝色
川356A98,蓝色
川456A98,蓝色
川B56A98,蓝色
川J7B171,蓝色
粤B56A98,蓝色
川J7B171,蓝色
陕BE6A98,蓝色
川J7B171,蓝色
川J56A98,蓝色
川J7B171,蓝色
湘B56A98,蓝色
川J7B171,蓝色
浙B56A9B,蓝色
川J7B171,蓝色
吉56A98,蓝色
川J7B171,蓝色
苏6A9U,蓝色
川J7B171,蓝色
川J7B171,蓝色
川J7B171,蓝色
川J7B171,蓝色
川J7B171,蓝色
川J7B171,蓝色
川J7B171,蓝色
川J7B171,蓝色
川J7B171,蓝色
川J7B171,蓝色
川J7B171,蓝色
川J7B171,蓝色
川J7B171,蓝色
川J7B171,蓝色
川J7B171,蓝色
川J7B171,蓝色
川J7B171,蓝色
川J7B171,蓝色
川J7B171,蓝色
川J7B171,蓝色
川J7B171,蓝色
川J7B171,蓝色
川J7B171,蓝色
川J7B171,蓝色
川J7B171,蓝色
川J7B171,蓝色
川J7B171,蓝色
川J7B171,蓝色
川U7B171,蓝色
川J7B171,蓝色
川J7B171,蓝色
川J7B171,蓝色
川J7B171,蓝色
川J7B171,蓝色
川J7B171,蓝色
川J7B171,蓝色
17B171,蓝色
豫17B1T1,蓝色
豫J23A0,蓝色
川JX23AD1,蓝色
川8,绿色
川J9959J,蓝色
川J9959J,蓝色
川J9959J,蓝色
川J9959J,蓝色
川J9959J,蓝色
川J9959J,蓝色
川J9959J,蓝色
川J9959J,蓝色
川J9959J,蓝色
川J9959J,蓝色
川J9959J,蓝色
川J9959J,蓝色
川J9959J,蓝色
川J9959J,蓝色
川J9959J,蓝色
川J9959J,蓝色
川J9959J,蓝色
川J99S9J,蓝色
川J9959J,蓝色
川J9959J,蓝色
川J9959J,蓝色
川J9959J,蓝色
川J9959J,蓝色
川J9959J,蓝色
川J9959J,蓝色
川J9959J,蓝色
川J9959J,蓝色
川J9959J,蓝色
川J9959J,蓝色
J9959J,蓝色
川J9959J,蓝色
川B0GPD1,蓝色
川J9959J,蓝色
赣B0GP01,蓝色
川B0GP01,蓝色
川B0GP01,蓝色
川B0GP01,蓝色
甘U9959J,蓝色
吉B0GP01,蓝色
甘09959J,蓝色
粤B0GP01,蓝色
京0GP01,蓝色
川19959J,蓝色
辽B0GP01,蓝色
鲁B0GP015,蓝色
M19959J,蓝色
京0GP0,蓝色
粤B0GP01,蓝色
川U19959J,蓝色
川0P01,蓝色
京B0GP01,蓝色
粤0F1,蓝色
粤G01,蓝色
川0,蓝色
川B0GP01,蓝色
B0GP01,蓝色
粤BU8H,蓝色
WJ95U,蓝色
B0GP01,蓝色
粤0D1港3,蓝色
粤881ASB6,绿色
川J23A02,蓝色
川J23A02,蓝色
川J23A02,蓝色
川J23A02,蓝色
川J23A02,蓝色
川J23A02,蓝色
川J23A02,蓝色
川J23A02,蓝色
川J23A02,蓝色
川J23A02,蓝色
川J23A02,蓝色
川J23A02,蓝色
川U23A02,蓝色
川J23A02,蓝色
川J23A02,蓝色
川J23A02,蓝色
川J23A02,蓝色
川J23A02,蓝色
川J23A02,蓝色
川J23A02,蓝色
川J23A02,蓝色
川MJ23A02,蓝色
川J23A02,蓝色
川MJ23A02,蓝色
川J23A02,蓝色
川J23A02,蓝色
川D23A02,蓝色
川J23A02,蓝色
川J23A02,蓝色
川AJ23A02,蓝色
川D23A02,蓝色
浙MJ23A02,蓝色
川J23A025,蓝色
川J24A53,蓝色
川J24A53,蓝色
川T24A53,蓝色
川J24A53,蓝色
川J24A53,蓝色
川J24A53,蓝色
川24A53,蓝色
川J24A53,蓝色
川J24A53,蓝色
川J24A53,蓝色
川J24A53,蓝色
川J24A53,蓝色
川J24A53,蓝色
川J24A53,蓝色
川J24A53,蓝色
川J24A53,蓝色
川JZ4A53,蓝色
川J24A53,蓝色
川J24A53,蓝色
川J24A53,蓝色
川J24A53,蓝色
川J24A53,蓝色
粤0J24A53,蓝色
川H24A53,蓝色
川U2A53,蓝色
粤12A531,蓝色
U24A53,蓝色
豫A4EW4M,蓝色
赣A4CX45,蓝色
川A4EY45,蓝色
川A4EX4,蓝色
川A4EW48,蓝色
豫A4EWA8,蓝色
豫新A4EWA,蓝色
青A4ELA8,蓝色
川A4EWA8,蓝色
豫BA4EWA,蓝色
沪A4EWA8,蓝色
沪A4ENA8,蓝色
沪A4EW48,蓝色
湘AAEW8,蓝色
豫A4EW48,蓝色
湘EWE8,蓝色
粤ZJ11L,黑色
粤ZJ11L,黄色
粤ZJ11L,黄色
川J66A16,蓝色
川J66A16,蓝色
川J66A16,蓝色
川U66A16,蓝色
川J66A16,蓝色
川J166A16,蓝色
川J66A16,蓝色
川J66A16,蓝色
川J66A16,蓝色
川J66A16,蓝色
川J66A16,蓝色
川J66A16,蓝色
川J66A16,蓝色
川J66A16,蓝色
川J66A16,蓝色
川66A16,蓝色
川J66A16,蓝色
川J66A16,蓝色
川J66A16,蓝色
川J66A16,蓝色
湘J66A16,蓝色
苏J66A16,蓝色
苏J66A16,蓝色
粤J66A16,蓝色
J6A16,蓝色
赣66A16,蓝色
苏166A16,蓝色
川JG6128,蓝色
川JG6128,蓝色
川JG6128,蓝色
川JG6128,蓝色
川JG6128,蓝色
川JG6128,蓝色
川JG6128,蓝色
川JG6128,蓝色
川JG612B,蓝色
川JG6128,蓝色
川JG6128,蓝色
川JG6128,蓝色
川JG6128,蓝色
川JG6128,蓝色
川JG6128,蓝色
川JG612B,蓝色
川JG6128,蓝色
川JG6128,蓝色
川JG6128,蓝色
川JG612B,蓝色
川JG6128,蓝色
川JG6128,蓝色
川JG6128,蓝色
川JG6128,蓝色
川JG6128,蓝色
川JG6128,蓝色
川JG6128,蓝色
川JG6128,蓝色
JG6128,蓝色
川JG6128,蓝色
DJG6128,蓝色
川JG6128,蓝色
川LJG6128,蓝色
川JG6128,蓝色
川JG6128,蓝色
川JG6128,蓝色
豫JG6128,蓝色
川JG6128,蓝色
JG6128,蓝色
川JG6128,蓝色
JG6128,蓝色
川1G6128,蓝色
川JG6128,蓝色
川1G6128,蓝色
豫1G6128,蓝色
川J1726W,蓝色
川J1726W,蓝色
豫1G6128,蓝色
川J1726W,蓝色
川1G6128,蓝色
川J1726W,蓝色
DG6128,蓝色
川J1726W,蓝色
青JG6128,蓝色
川J1726W,蓝色
川1G6128,蓝色
川J1726W,蓝色
川J1726W,蓝色
JG61Z8,蓝色
川J1726W,蓝色
BJG618,蓝色
川J1726W,蓝色
1G6128,蓝色
川J1726W,蓝色
川JG6128,蓝色
川JG6128,蓝色
川JG6128,蓝色
川JG6128,蓝色
川JG6128,蓝色
川JG6128,蓝色
川JG6128,蓝色
川JG6128,蓝色
川JG612B,蓝色
川JG6128,蓝色
川JG6128,蓝色
川JG6128,蓝色
川JG6128,蓝色
川JG6128,蓝色
川JG6128,蓝色
川JG612B,蓝色
川JG6128,蓝色
川JG6128,蓝色
川JG6128,蓝色
川JG612B,蓝色
川JG6128,蓝色
川JG6128,蓝色
川JG6128,蓝色
川JG6128,蓝色
川JG6128,蓝色
川JG6128,蓝色
川JG6128,蓝色
川JG6128,蓝色
JG6128,蓝色
川JG6128,蓝色
DJG6128,蓝色
川JG6128,蓝色
川LJG6128,蓝色
川JG6128,蓝色
川JG6128,蓝色
川JG6128,蓝色
豫JG6128,蓝色
川JG6128,蓝色
JG6128,蓝色
川JG6128,蓝色
JG6128,蓝色
川1G6128,蓝色
川JG6128,蓝色
川1G6128,蓝色
豫1G6128,蓝色
川J1726W,蓝色
川J1726W,蓝色
豫1G6128,蓝色
川J1726W,蓝色
川1G6128,蓝色
川J1726W,蓝色
DG6128,蓝色
川J1726W,蓝色
青JG6128,蓝色
川J1726W,蓝色
川1G6128,蓝色
川J1726W,蓝色
川J1726W,蓝色
JG61Z8,蓝色
川J1726W,蓝色
BJG618,蓝色
川J1726W,蓝色
1G6128,蓝色
川J1726W,蓝色
川J1726W,蓝色
16G61289,黑色
川J1726W,蓝色
1661Z8,蓝色
川J1726W,蓝色
D1661V8,蓝色
川J1726W,蓝色
贵166128,蓝色
川J1726W,蓝色
贵1661V8,蓝色
川J1726W,蓝色
D10618,蓝色
川J1726W,蓝色
D106128,蓝色
川J1726W,蓝色
川J1726W,蓝色
川J1726W,蓝色
D1G4128,蓝色
川J1726W,蓝色
川106128,蓝色
川J1726W,蓝色
川106128,蓝色
川J1726W,蓝色
赣106128,蓝色
川J1726W,蓝色
1518,蓝色
川J1726W,蓝色
豫1Q618,蓝色
川J1726W,蓝色
豫B1U6128,蓝色
川J1726W,蓝色
1U61K8,蓝色
川J1726W,蓝色
41G6128,蓝色
川J1726W,蓝色
豫18128,蓝色
川J1726W,蓝色
使1G6128,蓝色
川J1726W,蓝色
桂UD61Z,蓝色
川J1726W,蓝色
川J1726W,蓝色
豫JG6181,蓝色
川J1726W,蓝色
桂1G61Z0,蓝色
川J1726W,蓝色
川J1726W,蓝色
川J1726W,蓝色
川J1726W,蓝色
使1G612Z8,蓝色
川J1726W,蓝色
11L4,蓝色
川J1726W,蓝色
川J1726W,蓝色
川J1726W,蓝色
L118,蓝色
川J1726W,蓝色
川J1726W,蓝色
川J1726W,蓝色
13128,蓝色
皖J1726W,蓝色
使EJGH74,蓝色
川J1726W,蓝色
使JQ1N,白色
川J1J1726W,蓝色
使JG1Z,蓝色
闽J1726W,蓝色
使JGQB4,蓝色
川J1726W,蓝色
豫16E24,蓝色
川J1726W,蓝色
川J1726W,蓝色
川J1726W,蓝色
使B1V1Z6,蓝色
川J1726W,蓝色
使10174,白色
川J1726W,蓝色
川J1726W,蓝色
川J1726W,蓝色
豫Q612F,蓝色
川J1726M,蓝色
川D1726M,蓝色
川U1726W,蓝色
川D1726K,蓝色
川D1726W,蓝色
川D1726W,蓝色
苏J1726M,蓝色
川D1726M,蓝色
川JU726W,蓝色
川J1726W,蓝色
川JU726W,蓝色
J6H12港,蓝色
川J1726W,蓝色
宁J1726W,蓝色
川J1726K,蓝色
川U1726K,蓝色
川11726K,蓝色
浙J1726K,蓝色
川J1726K,蓝色
川1726W,蓝色
湘J1726K,蓝色
粤11726K,蓝色
豫11726W,蓝色
粤11726W,蓝色
川11126W,蓝色
川126W,蓝色
川J126W,蓝色
川J1T26W,蓝色
川J1126W,蓝色
川J1126W,蓝色
川J1126W,蓝色
皖A11T26W,蓝色
0贵,黑色
川JD,绿色
湘1E1JT,蓝色
粤DELJ13,蓝色
粤000,绿色
豫1E1113,蓝色
川JE111,黑色
津DE1113,蓝色
吉JE1117,蓝色
川JE1113,蓝色
川JE113,蓝色
川JE1113,蓝色
豫JE1113,蓝色
川JEUU13,绿色
豫E11,蓝色
苏JE1117,蓝色
川JE1113,蓝色
苏DE1113,蓝色
川JEJUU3,蓝色
苏UE1U113,绿色
豫JEU13,蓝色
苏0E1113,蓝色
吉DEU113,蓝色
吉JE1113,蓝色
浙JE1U13,蓝色
甘JF1H113,蓝色
吉TE1113,蓝色
TTA113,蓝色
苏156A98,蓝色
宁G5A98,蓝色
川J56A91,蓝色
56A98B,蓝色
湘H56A98,蓝色
156A98,蓝色
闽J56A98,蓝色
川T56A98,蓝色
川J56A98,蓝色
川J56A9B,蓝色
闽J56A98,蓝色
川J56A98,蓝色
川J56A98,蓝色
川J56A9B,蓝色
川J56A98,蓝色
56A98,蓝色
豫56A98,蓝色
川J56A98,蓝色
豫456A98,蓝色
W56A98,蓝色
川Z56A98,蓝色
川356A98,蓝色
川456A98,蓝色
川B56A98,蓝色
川J7B171,蓝色
粤B56A98,蓝色
川J7B171,蓝色
陕BE6A98,蓝色
川J7B171,蓝色
川J56A98,蓝色
川J7B171,蓝色
湘B56A98,蓝色
川J7B171,蓝色
浙B56A9B,蓝色
川J7B171,蓝色
吉56A98,蓝色
川J7B171,蓝色
苏6A9U,蓝色
川J7B171,蓝色
川J7B171,蓝色
川J7B171,蓝色
川J7B171,蓝色
川J7B171,蓝色
川J7B171,蓝色
川J7B171,蓝色
川J7B171,蓝色
川J7B171,蓝色
川J7B171,蓝色
川J7B171,蓝色
川J7B171,蓝色
川J7B171,蓝色
川J7B171,蓝色
川J7B171,蓝色
川J7B171,蓝色
川J7B171,蓝色
川J7B171,蓝色
川J7B171,蓝色
川J7B171,蓝色
川J7B171,蓝色
川J7B171,蓝色
川J7B171,蓝色
川J7B171,蓝色
川J7B171,蓝色
川J7B171,蓝色
川J7B171,蓝色
川J7B171,蓝色
川U7B171,蓝色
川J7B171,蓝色
川J7B171,蓝色
川J7B171,蓝色
川J7B171,蓝色
川J7B171,蓝色
川J7B171,蓝色
川J7B171,蓝色
17B171,蓝色
豫17B1T1,蓝色
豫J23A0,蓝色
川JX23AD1,蓝色
川8,绿色
川J9959J,蓝色
川J9959J,蓝色
川J9959J,蓝色
川J9959J,蓝色
川J9959J,蓝色
川J9959J,蓝色
川J9959J,蓝色
川J9959J,蓝色
川J9959J,蓝色
川J9959J,蓝色
川J9959J,蓝色
川J9959J,蓝色
川J9959J,蓝色
川J9959J,蓝色
川J9959J,蓝色
川J9959J,蓝色
川J9959J,蓝色
川J99S9J,蓝色
川J9959J,蓝色
川J9959J,蓝色
川J9959J,蓝色
川J9959J,蓝色
川J9959J,蓝色
川J9959J,蓝色
川J9959J,蓝色
川J9959J,蓝色
川J9959J,蓝色
川J9959J,蓝色
川J9959J,蓝色
J9959J,蓝色
川J9959J,蓝色
川B0GPD1,蓝色
川J9959J,蓝色
赣B0GP01,蓝色
川B0GP01,蓝色
川B0GP01,蓝色
川B0GP01,蓝色
甘U9959J,蓝色
吉B0GP01,蓝色
甘09959J,蓝色
粤B0GP01,蓝色
京0GP01,蓝色
川19959J,蓝色
辽B0GP01,蓝色
鲁B0GP015,蓝色
M19959J,蓝色
京0GP0,蓝色
粤B0GP01,蓝色
川U19959J,蓝色
川0P01,蓝色
京B0GP01,蓝色
粤0F1,蓝色
粤G01,蓝色
川0,蓝色
川B0GP01,蓝色
B0GP01,蓝色
粤BU8H,蓝色
WJ95U,蓝色
B0GP01,蓝色
粤0D1港3,蓝色
粤881ASB6,绿色
川J23A02,蓝色
川J23A02,蓝色
川J23A02,蓝色
川J23A02,蓝色
川J23A02,蓝色
川J23A02,蓝色
川J23A02,蓝色
川J23A02,蓝色
川J23A02,蓝色
川J23A02,蓝色
川J23A02,蓝色
川J23A02,蓝色
川U23A02,蓝色
川J23A02,蓝色
川J23A02,蓝色
川J23A02,蓝色
川J23A02,蓝色
川J23A02,蓝色
川J23A02,蓝色
川J23A02,蓝色
川J23A02,蓝色
川MJ23A02,蓝色
川J23A02,蓝色
川MJ23A02,蓝色
川J23A02,蓝色
川J23A02,蓝色
川D23A02,蓝色
川J23A02,蓝色
川J23A02,蓝色
川AJ23A02,蓝色
川D23A02,蓝色
浙MJ23A02,蓝色
川J23A025,蓝色
川J24A53,蓝色
川J24A53,蓝色
川T24A53,蓝色
川J24A53,蓝色
川J24A53,蓝色
川J24A53,蓝色
川24A53,蓝色
川J24A53,蓝色
川J24A53,蓝色
川J24A53,蓝色
川J24A53,蓝色
川J24A53,蓝色
川J24A53,蓝色
川J24A53,蓝色
川J24A53,蓝色
川J24A53,蓝色
川JZ4A53,蓝色
川J24A53,蓝色
川J24A53,蓝色
川J24A53,蓝色
川J24A53,蓝色
川J24A53,蓝色
粤0J24A53,蓝色
川H24A53,蓝色
川U2A53,蓝色
粤12A531,蓝色
U24A53,蓝色
豫A4EW4M,蓝色
赣A4CX45,蓝色
川A4EY45,蓝色
川A4EX4,蓝色
川A4EW48,蓝色
豫A4EWA8,蓝色
豫新A4EWA,蓝色
青A4ELA8,蓝色
川A4EWA8,蓝色
豫BA4EWA,蓝色
沪A4EWA8,蓝色
沪A4ENA8,蓝色
沪A4EW48,蓝色
湘AAEW8,蓝色
豫A4EW48,蓝色
湘EWE8,蓝色
粤ZJ11L,黑色
粤ZJ11L,黄色
粤ZJ11L,黄色
川J66A16,蓝色
川J66A16,蓝色
川J66A16,蓝色
川U66A16,蓝色
川J66A16,蓝色
川J166A16,蓝色
川J66A16,蓝色
川J66A16,蓝色
川J66A16,蓝色
川J66A16,蓝色
川J66A16,蓝色
川J66A16,蓝色
川J66A16,蓝色
川J66A16,蓝色
川J66A16,蓝色
川66A16,蓝色
川J66A16,蓝色
川J66A16,蓝色
川J66A16,蓝色
川J66A16,蓝色
湘J66A16,蓝色
苏J66A16,蓝色
苏J66A16,蓝色
粤J66A16,蓝色
J6A16,蓝色
赣66A16,蓝色
苏166A16,蓝色
使JU6128,蓝色
川JCQ120,蓝色
皖1G612B,蓝色
豫1吉56128,蓝色
川JG612B,蓝色
浙J6128,蓝色
豫JG612M,蓝色
川1G6128,蓝色
豫19612B,蓝色
川106128,蓝色
川JG612W,蓝色
浙J06128,蓝色
川J06120,蓝色
川AG612挂,蓝色
1G6128,蓝色
川J06121,蓝色
豫15612挂,蓝色
桂J6612挂,蓝色
川JG6128,蓝色
苏J1661278,蓝色
鲁16612H,蓝色
豫1G612ZB,蓝色
川1G612B,蓝色
桂1G612N,蓝色
CJ01Z28,蓝色
豫J561Z0,蓝色
川LJ5617B,蓝色
豫J56128,蓝色
豫JA12B,蓝色
川16128,蓝色
1U172B,蓝色
豫1012B,蓝色
川1Q12B,蓝色
川J1726W,蓝色
川J1726W,蓝色
川J1726W,蓝色
川J1726W,蓝色
川J1726W,蓝色
川J1726W,蓝色
川J1726W,蓝色
川J1726W,蓝色
川J1776W,蓝色
川J1726W,蓝色
川J1726W,蓝色
川J1726W,蓝色
川J1726W,蓝色
川J1726W,蓝色
川J1726W,蓝色
川J1724H,蓝色
豫J1726W,蓝色
川J17Z6W,蓝色
川D1726W,蓝色
川J1726W,蓝色
川J1726M,蓝色
川J1726M,蓝色
川J1726W,蓝色
川J1126W,蓝色
川J1726W,蓝色
川J1726N,蓝色
川J1726W,蓝色
川J1726K,蓝色
皖J1726W,蓝色
川J1724W,蓝色
川J1726N,蓝色
川J177AN,蓝色
川A1726W,蓝色
皖J1726W,蓝色
川11TZAW,蓝色
青J1726W,蓝色
川11726W,蓝色
浙LJA726W,蓝色
川117Z6W,蓝色
桂11726N,蓝色
川J1726N,蓝色
浙J1726W,蓝色
川11126W,蓝色
浙J1126W,蓝色
浙LJ1726K,蓝色
川J177K,蓝色
浙J1722,蓝色
闽J1726W,蓝色
川UDJ726W,蓝色
川J1126N,蓝色
川L1726W,蓝色
苏AJ117VAW,蓝色
川A17246W,蓝色
湘J1721W,蓝色
湘A11726W,蓝色
苏T71726N,蓝色
川117264,蓝色
青11VS6W,蓝色
川JD11J1,绿色
JFL113,蓝色
川JF113,绿色
苏1T1113,蓝色
川J111,蓝色
豫JF1113,蓝色
闽15AA,蓝色
闽152A9B,蓝色
川T86A91,蓝色
川J7B171,蓝色
川17B171,蓝色
川J7B171,蓝色
川J7B171,蓝色
川J7B171,蓝色
川J7B171,蓝色
豫56A97,蓝色
川J7B171,蓝色
闽J7B171,蓝色
川J17B171,蓝色
川J7D171,蓝色
川J7B171,蓝色
川17B171,蓝色
川J7B171,蓝色
川17B171,蓝色
川17B171,蓝色
川J7B171,蓝色
川J0险,白色
川J7B171,蓝色
川17N171,蓝色
川178171,蓝色
苏J17B171,蓝色
豫J7B171,蓝色
苏J7D171,蓝色
川17B171,蓝色
湘J7171,蓝色
豫7U171,蓝色
湘17H71,蓝色
川J7B17,蓝色
川J77171,蓝色
川L7H171,蓝色
豫17H111,蓝色
豫L7B171,蓝色
川J7D171,蓝色
鄂110111,蓝色
川L10171,蓝色
粤5367,绿色
川J99S9J,蓝色
川J9959J,蓝色
豫J9959J,蓝色
川J9959J,蓝色
川J9959J,蓝色
川J9959J,蓝色
川J99521,蓝色
川J9959J,蓝色
川199S7J,蓝色
川J9957J,蓝色
桂19959J,蓝色
川J9959J,蓝色
苏J9959J,蓝色
吉J19959J,蓝色
川J99591,蓝色
豫JVV59J,蓝色
闽J9959J,蓝色
闽J9959J,蓝色
川19959J,蓝色
沪NJ995VJ,蓝色
川19959,蓝色
沪19959J,蓝色
使J9959J,蓝色
川J9959J,蓝色
浙J9959J,蓝色
苏19959J,蓝色
川A779J,蓝色
豫B0GP01,蓝色
吉粤56,绿色
吉粤,绿色
吉56,绿色
川B00HD1,蓝色
皖1GP01,蓝色
苏B00101,蓝色
吉56,绿色
吉粤,绿色
B0GP1,蓝色
皖B0GP01,蓝色
川H0P01,蓝色
粤BP01,蓝色
粤05401,蓝色
粤B0D1,蓝色
粤00P01,蓝色
湘00NHBH,蓝色
粤1RD1,蓝色
川J23A02,蓝色
川J23A02,蓝色
川J23A0,蓝色
川J23AD2,蓝色
川J23AD2,蓝色
桂J23A0,蓝色
豫J23A02,蓝色
闽J23AD2,蓝色
川DJ23AD2,蓝色
川J23A2,蓝色
湘123A0Z,蓝色
川123A02,蓝色
浙J73AD2,蓝色
浙AJ23A02,蓝色
粤46,绿色
川J27AD2,蓝色
桂U23AQ28,蓝色
ZJ1豫C,黑色
粤ZJ1豫,黑色
ZJ1豫L,黑色
川鄂W123A1P,蓝色
豫B236Q,蓝色
川J24A53,蓝色
川J24A53,蓝色
川U24A53,蓝色
川JZ4A53,蓝色
川J24A53,蓝色
湘J24A53,蓝色
川J24A53,蓝色
川J24A53,蓝色
川J74453,蓝色
川J74A53,蓝色
川U244534,蓝色
豫JZ4A53,蓝色
川J24A53,蓝色
川J74453,蓝色
川JZ4A53,蓝色
桂NJ24A53,蓝色
川J24453,蓝色
川JZ4AA3,蓝色
川J24A51,蓝色
桂J74A531,蓝色
苏LLZ451,蓝色
豫U1L21A54,蓝色
ZJ112,黑色
闽J66A16,蓝色
川J66A16,蓝色
川J66A16,蓝色
浙J66A16,蓝色
川J66A16,蓝色
川166A16,蓝色
川J66A16,蓝色
川J66A16,蓝色
苏J6CA16,蓝色
川J66A16,蓝色
浙J46A16,蓝色
沪J66A16,蓝色
川16AA16,蓝色
浙J6A16,蓝色
川Q6X16,蓝色
川16BA16,蓝色
川1166116,蓝色
浙168A16,蓝色
辽J6KA16,蓝色
川JG6128,蓝色
川JG6128,蓝色
川JG6128,蓝色
川JG6128,蓝色
川JG6128,蓝色
川JG6128,蓝色
川JG6128,蓝色
川JG6128,蓝色
川JG612B,蓝色
川JG6128,蓝色
川JG6128,蓝色
川JG6128,蓝色
川JG6128,蓝色
川JG6128,蓝色
川JG6128,蓝色
川JG612B,蓝色
川JG6128,蓝色
川JG6128,蓝色
川JG6128,蓝色
川JG612B,蓝色
川JG6128,蓝色
川JG6128,蓝色
川JG6128,蓝色
川JG6128,蓝色
川JG6128,蓝色
川JG6128,蓝色
川JG6128,蓝色
川JG6128,蓝色
JG6128,蓝色
川JG6128,蓝色
DJG6128,蓝色
川JG6128,蓝色
川LJG6128,蓝色
川JG6128,蓝色
川JG6128,蓝色
川JG6128,蓝色
豫JG6128,蓝色
川JG6128,蓝色
JG6128,蓝色
川JG6128,蓝色
JG6128,蓝色
川1G6128,蓝色
川JG6128,蓝色
川1G6128,蓝色
豫1G6128,蓝色
川J1726W,蓝色
川J1726W,蓝色
豫1G6128,蓝色
川J1726W,蓝色
川1G6128,蓝色
川J1726W,蓝色
DG6128,蓝色
川J1726W,蓝色
青JG6128,蓝色
川J1726W,蓝色
川1G6128,蓝色
川J1726W,蓝色
川J1726W,蓝色
JG61Z8,蓝色
川J1726W,蓝色
BJG618,蓝色
川J1726W,蓝色
1G6128,蓝色
川J1726W,蓝色
川J1726W,蓝色
16G61289,黑色
川J1726W,蓝色
1661Z8,蓝色
川J1726W,蓝色
D1661V8,蓝色
川J1726W,蓝色
贵166128,蓝色
川J1726W,蓝色
贵1661V8,蓝色
川J1726W,蓝色
D10618,蓝色
川J1726W,蓝色
D106128,蓝色
川J1726W,蓝色
川J1726W,蓝色
川J1726W,蓝色
D1G4128,蓝色
川J1726W,蓝色
川106128,蓝色
川J1726W,蓝色
川106128,蓝色
川J1726W,蓝色
赣106128,蓝色
川J1726W,蓝色
1518,蓝色
川J1726W,蓝色
豫1Q618,蓝色
川J1726W,蓝色
豫B1U6128,蓝色
川J1726W,蓝色
1U61K8,蓝色
川J1726W,蓝色
41G6128,蓝色
川J1726W,蓝色
豫18128,蓝色
川J1726W,蓝色
使1G6128,蓝色
川J1726W,蓝色
桂UD61Z,蓝色
川J1726W,蓝色
川J1726W,蓝色
豫JG6181,蓝色
川J1726W,蓝色
桂1G61Z0,蓝色
川J1726W,蓝色
川J1726W,蓝色
川J1726W,蓝色
川J1726W,蓝色
使1G612Z8,蓝色
川J1726W,蓝色
11L4,蓝色
川J1726W,蓝色
川JG6128,蓝色
川JG6128,蓝色
川JG6128,蓝色
川JG6128,蓝色
川JG6128,蓝色
川JG6128,蓝色
川JG6128,蓝色
川JG6128,蓝色
川JG612B,蓝色
川JG6128,蓝色
川JG6128,蓝色
川JG6128,蓝色
川JG6128,蓝色
川JG6128,蓝色
川JG6128,蓝色
川JG612B,蓝色
川JG6128,蓝色
川JG6128,蓝色
川JG6128,蓝色
川JG612B,蓝色
川JG6128,蓝色
川JG6128,蓝色
川JG6128,蓝色
川JG6128,蓝色
川JG6128,蓝色
川JG6128,蓝色
川JG6128,蓝色
川JG6128,蓝色
JG6128,蓝色
川JG6128,蓝色
DJG6128,蓝色
川JG6128,蓝色
川LJG6128,蓝色
川JG6128,蓝色
川JG6128,蓝色
川JG6128,蓝色
豫JG6128,蓝色
川JG6128,蓝色
JG6128,蓝色
川JG6128,蓝色
JG6128,蓝色
川1G6128,蓝色
川JG6128,蓝色
川1G6128,蓝色
豫1G6128,蓝色
川J1726W,蓝色
川J1726W,蓝色
豫1G6128,蓝色
川J1726W,蓝色
川1G6128,蓝色
川J1726W,蓝色
DG6128,蓝色
川J1726W,蓝色
青JG6128,蓝色
川J1726W,蓝色
川1G6128,蓝色
川J1726W,蓝色
川J1726W,蓝色
JG61Z8,蓝色
川J1726W,蓝色
BJG618,蓝色
川J1726W,蓝色
1G6128,蓝色
川J1726W,蓝色
川J1726W,蓝色
16G61289,黑色
川J1726W,蓝色
1661Z8,蓝色
川J1726W,蓝色
D1661V8,蓝色
川J1726W,蓝色
贵166128,蓝色
川J1726W,蓝色
贵1661V8,蓝色
川J1726W,蓝色
D10618,蓝色
川J1726W,蓝色
D106128,蓝色
川J1726W,蓝色
川JG6128,蓝色
川JG6128,蓝色
川JG6128,蓝色
川JG6128,蓝色
川JG6128,蓝色
川JG6128,蓝色
川JG6128,蓝色
川JG6128,蓝色
川JG612B,蓝色
川JG6128,蓝色
川JG6128,蓝色
川JG6128,蓝色
川JG6128,蓝色
川JG6128,蓝色
川JG6128,蓝色
川JG612B,蓝色
川JG6128,蓝色
川JG6128,蓝色
川JG6128,蓝色
川JG612B,蓝色
川JG6128,蓝色
川JG6128,蓝色
川JG6128,蓝色
川JG6128,蓝色
川JG6128,蓝色
川JG6128,蓝色
川JG6128,蓝色
川JG6128,蓝色
JG6128,蓝色
川JG6128,蓝色
川JG6128,蓝色
川JG6128,蓝色
川JG6128,蓝色
川JG6128,蓝色
川JG6128,蓝色
川JG6128,蓝色
川JG6128,蓝色
川JG612B,蓝色
川JG6128,蓝色
川JG6128,蓝色
川JG6128,蓝色
川JG6128,蓝色
川JG6128,蓝色
川JG6128,蓝色
川JG612B,蓝色
川JG6128,蓝色
川JG6128,蓝色
川JG6128,蓝色
川JG612B,蓝色
川JG6128,蓝色
川JG6128,蓝色
川JG6128,蓝色
川JG6128,蓝色
川JG6128,蓝色
川JG6128,蓝色
川JG6128,蓝色
川JG6128,蓝色
JG6128,蓝色
川JG6128,蓝色
DJG6128,蓝色
川JG6128,蓝色
川LJG6128,蓝色
川JG6128,蓝色
使JU6128,蓝色
川JCQ120,蓝色
皖1G612B,蓝色
豫1吉56128,蓝色
川JG612B,蓝色
浙J6128,蓝色
豫JG612M,蓝色
川1G6128,蓝色
豫19612B,蓝色
川106128,蓝色
川JG612W,蓝色
浙J06128,蓝色
川J06120,蓝色
川AG612挂,蓝色
1G6128,蓝色
川J06121,蓝色
豫15612挂,蓝色
桂J6612挂,蓝色
川JG6128,蓝色
苏J1661278,蓝色
鲁16612H,蓝色
豫1G612ZB,蓝色
川1G612B,蓝色
桂1G612N,蓝色
CJ01Z28,蓝色
豫J561Z0,蓝色
川LJ5617B,蓝色
豫J56128,蓝色
豫JA12B,蓝色
川16128,蓝色
1U172B,蓝色
豫1012B,蓝色
川1Q12B,蓝色
川J1726W,蓝色
川J1726W,蓝色
川J1726W,蓝色
川J1726W,蓝色
川J1726W,蓝色
川J1726W,蓝色
川J1726W,蓝色
川J1726W,蓝色
川J1776W,蓝色
川J1726W,蓝色
川J1726W,蓝色
川J1726W,蓝色
川J1726W,蓝色
川J1726W,蓝色
川J1726W,蓝色
川J1724H,蓝色
豫J1726W,蓝色
川J17Z6W,蓝色
川D1726W,蓝色
川J1726W,蓝色
川J1726M,蓝色
川J1726M,蓝色
川J1726W,蓝色
川J1126W,蓝色
川J1726W,蓝色
川J1726N,蓝色
川J1726W,蓝色
川J1726K,蓝色
皖J1726W,蓝色
川J1724W,蓝色
川J1726N,蓝色
川J177AN,蓝色
川A1726W,蓝色
皖J1726W,蓝色
川11TZAW,蓝色
青J1726W,蓝色
川11726W,蓝色
浙LJA726W,蓝色
川117Z6W,蓝色
桂11726N,蓝色
川J1726N,蓝色
浙J1726W,蓝色
川11126W,蓝色
浙J1126W,蓝色
浙LJ1726K,蓝色
川J177K,蓝色
浙J1722,蓝色
闽J1726W,蓝色
川UDJ726W,蓝色
川J1126N,蓝色
川L1726W,蓝色
苏AJ117VAW,蓝色
川A17246W,蓝色
湘J1721W,蓝色
湘A11726W,蓝色
苏T71726N,蓝色
川117264,蓝色
青11VS6W,蓝色
川JD11J1,绿色
JFL113,蓝色
川JF113,绿色
苏1T1113,蓝色
川J111,蓝色
豫JF1113,蓝色
川JG6128,蓝色
川JG6128,蓝色
川JG6128,蓝色
川JG6128,蓝色
川JG6128,蓝色
川JG6128,蓝色
川JG6128,蓝色
川JG6128,蓝色
川JG612B,蓝色
川JG6128,蓝色
川JG6128,蓝色
川JG6128,蓝色
川JG6128,蓝色
川JG6128,蓝色
川JG6128,蓝色
川JG612B,蓝色
川JG6128,蓝色
川JG6128,蓝色
川JG6128,蓝色
川JG612B,蓝色
川JG6128,蓝色
川JG6128,蓝色
川JG6128,蓝色
川JG6128,蓝色
川JG6128,蓝色
川JG6128,蓝色
川JG6128,蓝色
川JG6128,蓝色
JG6128,蓝色
川JG6128,蓝色
DJG6128,蓝色
川JG6128,蓝色
川LJG6128,蓝色
川JG6128,蓝色
川JG6128,蓝色
川JG6128,蓝色
豫JG6128,蓝色
